{"a":{"a":{"option_0":{"time":0,"distance":0,"maxHeight":99,"maxWeight":999999999,"toll":0}},"b":{"option_0":{"time":14959,"avgVel":24.596383295861038,"distance":0.10220480492299591,"maxHeight":7.164252312988436,"maxWeight":20144.69975115322,"toll":0},"option_1":{"time":4050824,"avgVel":45.107556373462224,"distance":50.75632553860381,"maxHeight":6.663421843341372,"maxWeight":18516.203922946013,"toll":0}},"c":{"option_0":{"time":6875303,"avgVel":49.43974106918166,"distance":94.42033335893552,"maxHeight":8.627444665545344,"maxWeight":21107.282746794554,"toll":0},"option_1":{"time":1713679,"avgVel":53.626920912597186,"distance":25.527591167382955,"maxHeight":8.641192819947321,"maxWeight":18864.576544221945,"toll":0}},"d":{"option_0":{"time":5215829,"avgVel":50.101943306459674,"distance":72.5897691261634,"maxHeight":6.320731090509012,"maxWeight":19640.58547810763,"toll":0},"option_1":{"time":1106302,"avgVel":55.71289100558524,"distance":17.1209118736836,"maxHeight":8.315379874027878,"maxWeight":20614.27818039568,"toll":0}},"e":{"option_0":{"time":3336592,"avgVel":25.2177447618716,"distance":23.372590397361858,"maxHeight":8.339112507402511,"maxWeight":16881.39840513288,"toll":0},"option_1":{"time":1170676,"avgVel":11.509382050069796,"distance":3.7427103724576414,"maxHeight":8.999900534821037,"maxWeight":17879.585511710517,"toll":0}},"f":{"option_0":{"time":3754077,"avgVel":13.167442899717898,"distance":13.73099848295674,"maxHeight":8.36654045513568,"maxWeight":26424.568610393933,"toll":0}},"g":{"option_0":{"time":623738,"avgVel":43.02954862280873,"distance":7.455323499692631,"maxHeight":7.333612647093247,"maxWeight":23861.746960782777,"toll":0}},"h":{"option_0":{"time":5557044,"avgVel":28.255008637654115,"distance":43.61509061661777,"maxHeight":7.9215245940397505,"maxWeight":21857.18676252895,"toll":0},"option_1":{"time":3516098,"avgVel":43.96300071758211,"distance":42.938394138080284,"maxHeight":6.525276021673929,"maxWeight":22107.50692731621,"toll":0}}},"b":{"a":{"option_0":{"time":14959,"avgVel":24.596383295861038,"distance":0.10220480492299591,"maxHeight":7.164252312988436,"maxWeight":20144.69975115322,"toll":0},"option_1":{"time":4050824,"avgVel":45.107556373462224,"distance":50.75632553860381,"maxHeight":6.663421843341372,"maxWeight":18516.203922946013,"toll":0}},"b":{"option_0":{"time":0,"distance":0,"maxHeight":99,"maxWeight":999999999,"toll":0}},"c":{"option_0":{"time":5143267,"avgVel":50.04209523502878,"distance":71.4944047314391,"maxHeight":4.419448103757858,"maxWeight":17720.23418859931,"toll":0},"option_1":{"time":1228739,"avgVel":50.32708610955429,"distance":17.17745929421323,"maxHeight":5.8179159931229165,"maxWeight":14764.691637279571,"toll":0}},"d":{"option_0":{"time":5838091,"avgVel":10.00716088260251,"distance":16.228532190076045,"maxHeight":6.611934726148959,"maxWeight":22342.752899653897,"toll":0},"option_1":{"time":2970119,"avgVel":37.89047068926096,"distance":31.260890809199182,"maxHeight":7.060490942256972,"maxWeight":23551.764779015735,"toll":0}},"e":{"option_0":{"time":5022867,"avgVel":45.880221224858545,"distance":64.01395809528933,"maxHeight":5.89766536765163,"maxWeight":22981.910491082286,"toll":0}},"f":{"option_0":{"time":4338461,"avgVel":22.196668590432004,"distance":26.749828058198393,"maxHeight":4.044513642476324,"maxWeight":22974.027909982433,"toll":0},"option_1":{"time":4619569,"avgVel":38.63367619734852,"distance":49.575259143696975,"maxHeight":8.340269352507033,"maxWeight":13025.584471146576,"toll":0}},"g":{"option_0":{"time":1033744,"avgVel":40.90161981650212,"distance":11.744945576552825,"maxHeight":7.345126085017322,"maxWeight":17795.733246346892,"toll":0}},"h":{"option_0":{"time":2701211,"avgVel":57.726585570137125,"distance":43.31435775958213,"maxHeight":8.192109345192003,"maxWeight":24761.667288052344,"toll":0},"option_1":{"time":2691754,"avgVel":14.757592633545194,"distance":11.034391389365503,"maxHeight":6.9943188305461135,"maxWeight":25855.216770532574,"toll":0}}},"c":{"a":{"option_0":{"time":6875303,"avgVel":49.43974106918166,"distance":94.42033335893552,"maxHeight":8.627444665545344,"maxWeight":21107.282746794554,"toll":0},"option_1":{"time":1713679,"avgVel":53.626920912597186,"distance":25.527591167382955,"maxHeight":8.641192819947321,"maxWeight":18864.576544221945,"toll":0}},"b":{"option_0":{"time":5143267,"avgVel":50.04209523502878,"distance":71.4944047314391,"maxHeight":4.419448103757858,"maxWeight":17720.23418859931,"toll":0},"option_1":{"time":1228739,"avgVel":50.32708610955429,"distance":17.17745929421323,"maxHeight":5.8179159931229165,"maxWeight":14764.691637279571,"toll":0}},"c":{"option_0":{"time":0,"distance":0,"maxHeight":99,"maxWeight":999999999,"toll":0}},"d":{"option_0":{"time":537601,"avgVel":39.58622267426464,"distance":5.911553582196484,"maxHeight":6.334327081308954,"maxWeight":24017.35437563191,"toll":0},"option_1":{"time":1480974,"avgVel":52.82127174336872,"distance":21.729702805239928,"maxHeight":7.913537253772123,"maxWeight":25779.176865979924,"toll":0},"option_2":{"time":4071007,"avgVel":43.565219872499064,"distance":49.26508751596744,"maxHeight":5.49462209257946,"maxWeight":26173.39013920237,"toll":0}},"e":{"option_0":{"time":1323797,"avgVel":33.090249946805606,"distance":12.167992669119839,"maxHeight":6.811140735070251,"maxWeight":18916.048515498012,"toll":0}},"f":{"option_0":{"time":2532608,"avgVel":36.79717518317395,"distance":25.886894512863282,"maxHeight":4.911026628101979,"maxWeight":20018.252758533476,"toll":300}},"g":{"option_0":{"time":5354262,"avgVel":41.807019654960015,"distance":62.179371297723755,"maxHeight":7.20691865813996,"maxWeight":19380.105273504745,"toll":0},"option_1":{"time":3850332,"avgVel":51.00177741877129,"distance":54.548271014547915,"maxHeight":5.008887120576475,"maxWeight":26528.333907818604,"toll":0}},"h":{"option_0":{"time":3155688,"avgVel":57.41894905996998,"distance":50.332302366988486,"maxHeight":7.147607600343311,"maxWeight":21885.190943056605,"toll":0}}},"d":{"a":{"option_0":{"time":5215829,"avgVel":50.101943306459674,"distance":72.5897691261634,"maxHeight":6.320731090509012,"maxWeight":19640.58547810763,"toll":0},"option_1":{"time":1106302,"avgVel":55.71289100558524,"distance":17.1209118736836,"maxHeight":8.315379874027878,"maxWeight":20614.27818039568,"toll":0}},"b":{"option_0":{"time":5838091,"avgVel":10.00716088260251,"distance":16.228532190076045,"maxHeight":6.611934726148959,"maxWeight":22342.752899653897,"toll":0},"option_1":{"time":2970119,"avgVel":37.89047068926096,"distance":31.260890809199182,"maxHeight":7.060490942256972,"maxWeight":23551.764779015735,"toll":0}},"c":{"option_0":{"time":537601,"avgVel":39.58622267426464,"distance":5.911553582196484,"maxHeight":6.334327081308954,"maxWeight":24017.35437563191,"toll":0},"option_1":{"time":1480974,"avgVel":52.82127174336872,"distance":21.729702805239928,"maxHeight":7.913537253772123,"maxWeight":25779.176865979924,"toll":0},"option_2":{"time":4071007,"avgVel":43.565219872499064,"distance":49.26508751596744,"maxHeight":5.49462209257946,"maxWeight":26173.39013920237,"toll":0}},"d":{"option_0":{"time":0,"distance":0,"maxHeight":99,"maxWeight":999999999,"toll":0}},"e":{"option_0":{"time":5831188,"avgVel":58.141956030168906,"distance":94.17685452768015,"maxHeight":8.659542740994246,"maxWeight":23094.54484359536,"toll":0},"option_1":{"time":4638032,"avgVel":30.936030712804932,"distance":39.85619455527002,"maxHeight":6.4709364307918085,"maxWeight":26555.246929875804,"toll":300}},"f":{"option_0":{"time":1665289,"avgVel":31.439468756174108,"distance":14.543278190416784,"maxHeight":7.289971441925233,"maxWeight":26231.87360614441,"toll":300},"option_1":{"time":3203388,"avgVel":21.039928040322266,"distance":18.721959168119962,"maxHeight":6.393119210666066,"maxWeight":25972.41791195633,"toll":0}},"g":{"option_0":{"time":3625597,"avgVel":34.56453533528864,"distance":34.81029878278236,"maxHeight":8.512165263066658,"maxWeight":25794.018609758255,"toll":0}},"h":{"option_0":{"time":3270973,